room_id,headline,subheading,price,pictures
1175131,HabitaciÃ³n en Vila de GrÃ cia,PRIVATE ROOM Â· 3 FLATMATES,â‚¬500/month,"['https://d1jhx8f0okmpxm.cloudfront.net/uploads/pictures/width_500_597c9884-389a-49b9-ae76-b83ae812d527.jpg', 'https://d1jhx8f0okmpxm.cloudfront.net/uploads/pictures/width_500_1ce6d736-d3b8-4add-a5a4-d2f49ce049dc.jpg', 'https://d1jhx8f0okmpxm.cloudfront.net/uploads/pictures/width_500_817006ca-e987-4273-a375-3f5f7d0604d9.jpg', 'https://d1jhx8f0okmpxm.cloudfront.net/uploads/pictures/width_500_00ea7811-9317-4f28-a210-e88a5c78d42d.jpg', 'https://d1jhx8f0okmpxm.cloudfront.net/uploads/pictures/width_500_134613d3-5c35-4996-b9aa-d1ac3681f79e.jpg', 'https://d1jhx8f0okmpxm.cloudfront.net/uploads/pictures/width_500_ff012a7c-eb87-493a-aea7-f1955c9660fc.jpg', 'https://d1jhx8f0okmpxm.cloudfront.net/uploads/pictures/width_500_1339054b-9269-4d67-89f2-adb19b74f235.jpg', 'https://d1jhx8f0okmpxm.cloudfront.net/uploads/pictures/width_500_55da2b86-cefe-414f-a61a-0cec47c806ed.jpg', 'https://d1jhx8f0okmpxm.cloudfront.net/uploads/pictures/width_500_2fb9bb01-bfe9-4062-a565-c57850955cd2.jpg', 'https://d1jhx8f0okmpxm.cloudfront.net/uploads/pictures/width_500_32c1afdb-069e-4d68-bfa3-11a22512f8d8.jpg']"
1107145,HabitaciÃ³n Simple a pasos de la Sagrada Familia,PRIVATE ROOM Â· NO FLATMATES,â‚¬Ì¶6Ì¶5Ì¶0Ì¶ â‚¬625/month,"['https://d1jhx8f0okmpxm.cloudfront.net/uploads/pictures/width_500_2af9c42d-3c91-4b3c-a2e6-8ad4d00f7736.jpeg', 'https://d1jhx8f0okmpxm.cloudfront.net/uploads/pictures/width_500_9a8fbca4-ccd7-4899-b78c-0fe17048f63d.jpeg', 'https://d1jhx8f0okmpxm.cloudfront.net/uploads/pictures/width_500_dd53ebf1-30ad-413f-848a-bfcf539c2296.jpeg', 'https://d1jhx8f0okmpxm.cloudfront.net/uploads/pictures/width_500_95b6cca4-d40f-47ee-98f8-1fc6e09ba470.jpeg', 'https://d1jhx8f0okmpxm.cloudfront.net/uploads/pictures/width_500_70d78b95-81fb-4411-afff-38b58396854f.jpeg']"
1169916,Excelente localizaciÃ³n. A estrenar. Comoda y completa.,PRIVATE ROOM Â· 3 FLATMATES,â‚¬580/month,"['https://d1jhx8f0okmpxm.cloudfront.net/uploads/pictures/width_500_0cc7957a-553e-42e4-b9cb-060bae994b95.jpeg', 'https://d1jhx8f0okmpxm.cloudfront.net/uploads/pictures/width_500_bea08f99-8510-4d4d-9b9c-01ab9e0bd46d.jpeg', 'https://d1jhx8f0okmpxm.cloudfront.net/uploads/pictures/width_500_1c3477b2-7801-4f76-8df2-0167a3b6e571.jpeg', 'https://d1jhx8f0okmpxm.cloudfront.net/uploads/pictures/width_500_0bfa254d-f644-467d-ae29-b460cbd4c023.jpeg', 'https://d1jhx8f0okmpxm.cloudfront.net/uploads/pictures/width_500_5e8dc363-7ce0-4348-a1ef-0838a62b9562.jpeg', 'https://d1jhx8f0okmpxm.cloudfront.net/uploads/pictures/width_500_c2f9ab23-6a3a-4101-a4d8-5951996a66eb.jpeg']"
807805,habitacion disponible barrio de gracia (fontana),PRIVATE ROOM Â· 3 FLATMATES,â‚¬445/month,"['https://d1jhx8f0okmpxm.cloudfront.net/uploads/pictures/width_500_3d18fe3c-4161-4c9d-bee8-cea89ddce790.jpg', 'https://d1jhx8f0okmpxm.cloudfront.net/uploads/pictures/width_500_4ca20a11-aed5-40f6-b6ee-3587d039afe9.jpg', 'https://d1jhx8f0okmpxm.cloudfront.net/uploads/pictures/width_500_c5edae71-41bd-4f25-b45e-9411352cd126.jpg', 'https://d1jhx8f0okmpxm.cloudfront.net/uploads/pictures/width_500_a2da29a6-f221-49ec-abca-e0acf480d074.jpg', 'https://d1jhx8f0okmpxm.cloudfront.net/uploads/pictures/width_500_81336739-0966-4aa3-8b24-b88e55262e3e.jpg', 'https://d1jhx8f0okmpxm.cloudfront.net/uploads/pictures/width_500_6cd76d40-7d9b-4113-afa1-dc70a7d38955.jpg', 'https://d1jhx8f0okmpxm.cloudfront.net/uploads/pictures/width_500_527e075a-bfa8-432d-a6db-c6db7b01bafd.jpg', 'https://d1jhx8f0okmpxm.cloudfront.net/uploads/pictures/width_500_af975478-7db9-4c6e-a864-ab3a15b91498.jpg', 'https://d1jhx8f0okmpxm.cloudfront.net/uploads/pictures/width_500_d5a8725c-ada3-48ee-b78a-6627d7e47242.jpg', 'https://d1jhx8f0okmpxm.cloudfront.net/uploads/pictures/width_500_d8f5cad6-c465-4f2a-91fd-4511a4cb9740.jpg']"
1130639,Bright room with private bathroom Center of the City ,PRIVATE ROOM Â· 1 FLATMATE,â‚¬850/month,"['https://d1jhx8f0okmpxm.cloudfront.net/uploads/pictures/width_500_cc5f8838-96e7-47f5-bd0f-918b50e9e5b7.jpeg', 'https://d1jhx8f0okmpxm.cloudfront.net/uploads/pictures/width_500_70f9dbec-debf-4c78-9b1a-aad9daa61ad8.jpeg', 'https://d1jhx8f0okmpxm.cloudfront.net/uploads/pictures/width_500_3eb6e4c9-0b39-48b9-9b3b-34a8bfe67a6b.jpeg', 'https://d1jhx8f0okmpxm.cloudfront.net/uploads/pictures/width_500_332eaf89-a2f6-411d-9fb5-94112df9bf18.jpeg', 'https://d1jhx8f0okmpxm.cloudfront.net/uploads/pictures/width_500_83db51a3-1453-40f4-b459-98b77facc9f7.jpeg', 'https://d1jhx8f0okmpxm.cloudfront.net/uploads/pictures/width_500_f064a643-12ad-4a67-9664-34d5da259fda.jpeg', 'https://d1jhx8f0okmpxm.cloudfront.net/uploads/pictures/width_500_e8c0734a-d807-4b0e-86c6-efbe6225a3e7.jpeg', 'https://d1jhx8f0okmpxm.cloudfront.net/uploads/pictures/width_500_8c9da1e4-317c-4c42-b3e0-3e7bf859ca85.jpeg', 'https://d1jhx8f0okmpxm.cloudfront.net/uploads/pictures/width_500_50c0cb91-b8e0-4a6f-a3dc-eb2854094e4a.jpeg', 'https://d1jhx8f0okmpxm.cloudfront.net/uploads/pictures/width_500_365380e7-9957-4163-9813-a2f5c55a929f.jpeg']"
1153504,HabitaciÃ³n doble en piso a compartir con una persona,PRIVATE ROOM Â· 1 FLATMATE,â‚¬550/month,"['https://d1jhx8f0okmpxm.cloudfront.net/uploads/pictures/width_500_df5eca0f-b3ad-4e7c-b4a4-d0f18e6a5d00.jpg', 'https://d1jhx8f0okmpxm.cloudfront.net/uploads/pictures/width_500_a42d571e-dbb8-4a86-aaba-6370b3a3b5a3.jpg', 'https://d1jhx8f0okmpxm.cloudfront.net/uploads/pictures/width_500_cc13efdf-8700-4b24-bf97-373f2d1f1f79.jpg', 'https://d1jhx8f0okmpxm.cloudfront.net/uploads/pictures/width_500_012954e3-d3e1-4d67-9de7-2213aac5b614.jpg', 'https://d1jhx8f0okmpxm.cloudfront.net/uploads/pictures/width_500_973f0417-60cd-4031-9e3a-397abcdfff76.jpg', 'https://d1jhx8f0okmpxm.cloudfront.net/uploads/pictures/width_500_2a18b306-08ab-43ed-8d55-fba5a2a30c2b.jpg', 'https://d1jhx8f0okmpxm.cloudfront.net/uploads/pictures/width_500_c67dcce0-06e2-490d-9c65-487833cb9c89.jpg', 'https://d1jhx8f0okmpxm.cloudfront.net/uploads/pictures/width_500_f2dfe0c7-064f-41a6-8a71-9babd3a64d40.jpg', 'https://d1jhx8f0okmpxm.cloudfront.net/uploads/pictures/width_500_8316239e-0fdc-4947-a84e-bad1c2e3e436.jpg', 'https://d1jhx8f0okmpxm.cloudfront.net/uploads/pictures/width_500_78b52b06-1c30-47aa-bff3-1848835f5957.jpg']"
1172530,ROOM FALGUERA at CASA SUNA,PRIVATE ROOM Â· 4 FLATMATES,â‚¬975/month,"['https://d1jhx8f0okmpxm.cloudfront.net/uploads/pictures/width_500_0c7fa49f-3aad-480a-95b4-605bc6c791d9.jpeg', 'https://d1jhx8f0okmpxm.cloudfront.net/uploads/pictures/width_500_0cb8e58a-20b8-4007-9782-89bfddeed27b.jpeg', 'https://d1jhx8f0okmpxm.cloudfront.net/uploads/pictures/width_500_191d73b9-a497-40b5-b6eb-568200361e12.jpeg', 'https://d1jhx8f0okmpxm.cloudfront.net/uploads/pictures/width_500_671d9378-6a0e-469e-bfd0-3bfab51a2713.jpeg', 'https://d1jhx8f0okmpxm.cloudfront.net/uploads/pictures/width_500_2dd77063-8fea-4bd4-98e9-442ed88a6576.jpeg', 'https://d1jhx8f0okmpxm.cloudfront.net/uploads/pictures/width_500_778f0477-3a7c-45e2-ba23-f33e3409e236.jpeg', 'https://d1jhx8f0okmpxm.cloudfront.net/uploads/pictures/width_500_0fa2a3eb-8c42-4547-8316-0a0eb2b5e8b5.jpeg', 'https://d1jhx8f0okmpxm.cloudfront.net/uploads/pictures/width_500_d8225d59-2ce2-4ea2-9898-66a75154523f.jpeg', 'https://d1jhx8f0okmpxm.cloudfront.net/uploads/pictures/width_500_3659c909-32cc-4bb8-94d3-1291cf54b0c0.jpeg', 'https://d1jhx8f0okmpxm.cloudfront.net/uploads/pictures/width_500_7b06fc26-0791-4346-bd49-a89c27857142.jpeg']"
1172527,ROOM MICO at CASA SUNA,PRIVATE ROOM Â· 4 FLATMATES,â‚¬975/month,"['https://d1jhx8f0okmpxm.cloudfront.net/uploads/pictures/width_500_85b988ab-341e-44a5-b044-34f8a3b8c8a2.jpeg', 'https://d1jhx8f0okmpxm.cloudfront.net/uploads/pictures/width_500_7469028b-7438-4f1d-bd39-28387658d6cb.jpeg', 'https://d1jhx8f0okmpxm.cloudfront.net/uploads/pictures/width_500_3e87b8f9-1916-437c-875d-66451b2cdcff.jpeg', 'https://d1jhx8f0okmpxm.cloudfront.net/uploads/pictures/width_500_19b4bc7a-b218-4c68-be18-3b4c3ca6bf19.jpeg', 'https://d1jhx8f0okmpxm.cloudfront.net/uploads/pictures/width_500_98cb5be8-7f08-4434-bfb9-be1942d0c4bb.jpeg', 'https://d1jhx8f0okmpxm.cloudfront.net/uploads/pictures/width_500_ed11fe98-3dbc-49b7-8990-0b1f02c3bb5e.jpeg', 'https://d1jhx8f0okmpxm.cloudfront.net/uploads/pictures/width_500_2e469245-be89-4740-bbc3-cfd52b496f57.jpeg', 'https://d1jhx8f0okmpxm.cloudfront.net/uploads/pictures/width_500_58d01494-cf23-4254-beb8-ff17e8c1be15.jpeg', 'https://d1jhx8f0okmpxm.cloudfront.net/uploads/pictures/width_500_70291527-9387-4c94-b34c-c9ac45646f2b.jpeg', 'https://d1jhx8f0okmpxm.cloudfront.net/uploads/pictures/width_500_3659c909-32cc-4bb8-94d3-1291cf54b0c0.jpeg']"
1172525,ROOM PROA at CASA SUNA,PRIVATE ROOM Â· 4 FLATMATES,â‚¬750/month,"['https://d1jhx8f0okmpxm.cloudfront.net/uploads/pictures/width_500_4726d6d9-2a97-4b21-b9d2-4e37a1edf859.jpeg', 'https://d1jhx8f0okmpxm.cloudfront.net/uploads/pictures/width_500_37207872-8b2a-4e9c-b49f-8ba298ddd93f.jpeg', 'https://d1jhx8f0okmpxm.cloudfront.net/uploads/pictures/width_500_8781f60b-9cb8-4ae8-8cdb-e30c443308c3.jpeg', 'https://d1jhx8f0okmpxm.cloudfront.net/uploads/pictures/width_500_c744aa3f-6b46-4291-a029-f9d90ed75704.jpeg', 'https://d1jhx8f0okmpxm.cloudfront.net/uploads/pictures/width_500_0fb3c4fa-a9aa-4ecc-9ca9-21794b240e78.jpeg', 'https://d1jhx8f0okmpxm.cloudfront.net/uploads/pictures/width_500_e121f982-e0b8-4419-acaf-49a43e4578b8.jpeg', 'https://d1jhx8f0okmpxm.cloudfront.net/uploads/pictures/width_500_3659c909-32cc-4bb8-94d3-1291cf54b0c0.jpeg', 'https://d1jhx8f0okmpxm.cloudfront.net/uploads/pictures/width_500_7b06fc26-0791-4346-bd49-a89c27857142.jpeg', 'https://d1jhx8f0okmpxm.cloudfront.net/uploads/pictures/width_500_11a980ee-409a-46c4-ab5d-f93772f7acba.jpeg', 'https://d1jhx8f0okmpxm.cloudfront.net/uploads/pictures/width_500_d1649c84-f85a-4a35-9168-93975221869d.jpeg']"
1172519,ROOM NINOT at CASA SUNA,PRIVATE ROOM Â· 4 FLATMATES,â‚¬750/month,"['https://d1jhx8f0okmpxm.cloudfront.net/uploads/pictures/width_500_1ee22265-6f0b-48ba-a8af-f8b36cd61d34.jpeg', 'https://d1jhx8f0okmpxm.cloudfront.net/uploads/pictures/width_500_2b753319-5dec-4a04-b76b-dc0a50d1cbf9.jpeg', 'https://d1jhx8f0okmpxm.cloudfront.net/uploads/pictures/width_500_99be736d-38a3-499c-94e1-812f1f025e72.jpeg', 'https://d1jhx8f0okmpxm.cloudfront.net/uploads/pictures/width_500_932745bb-9ade-4b49-ad97-0bc3d5de63ab.jpeg', 'https://d1jhx8f0okmpxm.cloudfront.net/uploads/pictures/width_500_68bfbeff-7492-4f5c-a4df-b0e974d1436b.jpeg', 'https://d1jhx8f0okmpxm.cloudfront.net/uploads/pictures/width_500_4633b04e-c775-4dff-9f43-ff76d3cda680.jpeg', 'https://d1jhx8f0okmpxm.cloudfront.net/uploads/pictures/width_500_bd9da528-fcce-4d7d-85c0-80d8bd27225a.jpeg', 'https://d1jhx8f0okmpxm.cloudfront.net/uploads/pictures/width_500_682d0798-396d-4041-abb7-757c6275d4b6.jpeg', 'https://d1jhx8f0okmpxm.cloudfront.net/uploads/pictures/width_500_11a980ee-409a-46c4-ab5d-f93772f7acba.jpeg', 'https://d1jhx8f0okmpxm.cloudfront.net/uploads/pictures/width_500_d1649c84-f85a-4a35-9168-93975221869d.jpeg']"
1172501,ROOM ANIMA at CASA SUNA,PRIVATE ROOM Â· 4 FLATMATES,â‚¬750/month,"['https://d1jhx8f0okmpxm.cloudfront.net/uploads/pictures/width_500_b9af24a7-f752-4279-9b7c-2f7f9c5dc0c7.jpeg', 'https://d1jhx8f0okmpxm.cloudfront.net/uploads/pictures/width_500_0be81677-9335-49f8-a557-64038017d90e.jpeg', 'https://d1jhx8f0okmpxm.cloudfront.net/uploads/pictures/width_500_15af4fda-08ac-4226-9072-0e099e227372.jpeg', 'https://d1jhx8f0okmpxm.cloudfront.net/uploads/pictures/width_500_2e0c7a2f-5c5d-4cd6-8c58-c8e8ab1176f0.jpeg', 'https://d1jhx8f0okmpxm.cloudfront.net/uploads/pictures/width_500_828b6892-2ab1-47e2-b790-a2bc83e32926.jpeg', 'https://d1jhx8f0okmpxm.cloudfront.net/uploads/pictures/width_500_217df484-d6a3-4c18-80b5-444928ed9d5f.jpeg', 'https://d1jhx8f0okmpxm.cloudfront.net/uploads/pictures/width_500_bd9da528-fcce-4d7d-85c0-80d8bd27225a.jpeg', 'https://d1jhx8f0okmpxm.cloudfront.net/uploads/pictures/width_500_682d0798-396d-4041-abb7-757c6275d4b6.jpeg', 'https://d1jhx8f0okmpxm.cloudfront.net/uploads/pictures/width_500_11a980ee-409a-46c4-ab5d-f93772f7acba.jpeg', 'https://d1jhx8f0okmpxm.cloudfront.net/uploads/pictures/width_500_d1649c84-f85a-4a35-9168-93975221869d.jpeg']"
1163045,ROOM DIAMANT at CASA RODOREDA ,PRIVATE ROOM Â· NO FLATMATES,â‚¬750/month,"['https://d1jhx8f0okmpxm.cloudfront.net/uploads/pictures/width_500_d1408a4c-4562-4a62-b00d-ec85d6b9f139.jpeg', 'https://d1jhx8f0okmpxm.cloudfront.net/uploads/pictures/width_500_fec83cf9-9c42-42e2-a058-3f5cfd53306d.jpeg', 'https://d1jhx8f0okmpxm.cloudfront.net/uploads/pictures/width_500_f59b1844-069a-4a4f-9f1c-ddda7b1327c0.jpeg', 'https://d1jhx8f0okmpxm.cloudfront.net/uploads/pictures/width_500_a22dc204-4fd0-4aa6-9a98-a9e3881cb7a6.jpeg', 'https://d1jhx8f0okmpxm.cloudfront.net/uploads/pictures/width_500_8efec2a1-ca31-4148-8d44-bea71d8613e3.jpeg', 'https://d1jhx8f0okmpxm.cloudfront.net/uploads/pictures/width_500_b1ce36c0-d89a-4679-9ce6-011572658c3c.jpeg', 'https://d1jhx8f0okmpxm.cloudfront.net/uploads/pictures/width_500_588edc57-e4f3-4764-9298-aaae04207ebe.jpeg', 'https://d1jhx8f0okmpxm.cloudfront.net/uploads/pictures/width_500_5caf09ae-3943-478f-af55-ebd69906a95c.jpeg', 'https://d1jhx8f0okmpxm.cloudfront.net/uploads/pictures/width_500_5acd4a0f-7193-4584-bd96-a24221ae3da5.jpeg', 'https://d1jhx8f0okmpxm.cloudfront.net/uploads/pictures/width_500_c48f00ba-3b67-4852-b2c3-ff434d9faa33.jpeg']"
1069617,"HabitaciÃ³n exterior, con mucha luz",PRIVATE ROOM Â· 2 FLATMATES,â‚¬450/month,"['https://d1jhx8f0okmpxm.cloudfront.net/uploads/pictures/width_500_48706893-ff95-42b2-b79f-80cd7af7b984.jpeg', 'https://d1jhx8f0okmpxm.cloudfront.net/uploads/pictures/width_500_f0209148-4815-4f00-8556-d56a4f67156c.jpeg', 'https://d1jhx8f0okmpxm.cloudfront.net/uploads/pictures/width_500_5ded8b8a-f47f-4d5f-82ff-c4d56c544105.jpeg', 'https://d1jhx8f0okmpxm.cloudfront.net/uploads/pictures/width_500_091450c6-5598-42d6-9d5f-46d045a4171e.jpeg', 'https://d1jhx8f0okmpxm.cloudfront.net/uploads/pictures/width_500_4b9ddd3c-f75b-4365-be72-2ac6e82244a8.jpeg', 'https://d1jhx8f0okmpxm.cloudfront.net/uploads/pictures/width_500_46c20204-3954-4900-98bd-fbc7ea146308.jpeg', 'https://d1jhx8f0okmpxm.cloudfront.net/uploads/pictures/width_500_ee5dac5b-5cea-4cd5-9741-56d750671d6d.jpeg', 'https://d1jhx8f0okmpxm.cloudfront.net/uploads/pictures/width_500_850183a3-13b4-4629-9db2-03dea6f9efa2.jpeg']"
1167420,ROOM MORADA at CASA FIGA - SPECIAL PRICE FOR MAY,PRIVATE ROOM Â· 3 FLATMATES,â‚¬Ì¶9Ì¶0Ì¶0Ì¶ â‚¬750/month,"['https://d1jhx8f0okmpxm.cloudfront.net/uploads/pictures/width_500_ab1b9151-75c1-48e1-bd4b-ff287885b0a2.jpeg', 'https://d1jhx8f0okmpxm.cloudfront.net/uploads/pictures/width_500_f8d23528-c37f-4656-be95-424ba3fd22e0.jpeg', 'https://d1jhx8f0okmpxm.cloudfront.net/uploads/pictures/width_500_0397472b-a4c3-4ee5-8135-5be671e0ad55.jpeg', 'https://d1jhx8f0okmpxm.cloudfront.net/uploads/pictures/width_500_0a23f428-b267-494e-b03a-13776e75e934.jpeg', 'https://d1jhx8f0okmpxm.cloudfront.net/uploads/pictures/width_500_a76143b4-bdf7-40f1-97f9-842f41598242.jpeg', 'https://d1jhx8f0okmpxm.cloudfront.net/uploads/pictures/width_500_6f7fbbd0-aa6b-4851-bd00-a70f76d58516.jpeg', 'https://d1jhx8f0okmpxm.cloudfront.net/uploads/pictures/width_500_0be97eaa-a3bc-4b76-9ea6-a5dd26e44ec2.jpeg', 'https://d1jhx8f0okmpxm.cloudfront.net/uploads/pictures/width_500_993c2f26-dc93-4b78-9ace-8346d0cb8e2d.jpeg', 'https://d1jhx8f0okmpxm.cloudfront.net/uploads/pictures/width_500_58470f1f-ddbe-4af6-997e-4e29d0f7f287.jpeg', 'https://d1jhx8f0okmpxm.cloudfront.net/uploads/pictures/width_500_0020d10c-1542-46f3-bb90-f8fc87c9df2e.jpeg']"
1167412,ROOM LILA at CASA FIGA,PRIVATE ROOM Â· 3 FLATMATES,â‚¬Ì¶9Ì¶0Ì¶0Ì¶ â‚¬750/month,"['https://d1jhx8f0okmpxm.cloudfront.net/uploads/pictures/width_500_1b427ac8-cca1-4f17-8c0a-ad7bb746fe61.jpeg', 'https://d1jhx8f0okmpxm.cloudfront.net/uploads/pictures/width_500_b060cc34-8c78-4cb3-a008-d8b793a835ad.jpeg', 'https://d1jhx8f0okmpxm.cloudfront.net/uploads/pictures/width_500_e06d36ec-f9fa-4d88-a92d-30b1e2468d26.jpeg', 'https://d1jhx8f0okmpxm.cloudfront.net/uploads/pictures/width_500_51373382-1929-470a-ac2e-bcb7840f0ea9.jpeg', 'https://d1jhx8f0okmpxm.cloudfront.net/uploads/pictures/width_500_287d64fd-c4d0-43df-a2ac-afb81a90a314.jpeg', 'https://d1jhx8f0okmpxm.cloudfront.net/uploads/pictures/width_500_6f7fbbd0-aa6b-4851-bd00-a70f76d58516.jpeg', 'https://d1jhx8f0okmpxm.cloudfront.net/uploads/pictures/width_500_0be97eaa-a3bc-4b76-9ea6-a5dd26e44ec2.jpeg', 'https://d1jhx8f0okmpxm.cloudfront.net/uploads/pictures/width_500_993c2f26-dc93-4b78-9ace-8346d0cb8e2d.jpeg', 'https://d1jhx8f0okmpxm.cloudfront.net/uploads/pictures/width_500_58470f1f-ddbe-4af6-997e-4e29d0f7f287.jpeg', 'https://d1jhx8f0okmpxm.cloudfront.net/uploads/pictures/width_500_0020d10c-1542-46f3-bb90-f8fc87c9df2e.jpeg']"
1167410,ROOM PALA at CASA FIGA - SPECIAL PRICE FOR MAY,PRIVATE ROOM Â· 3 FLATMATES,"â‚¬Ì¶1Ì¶,Ì¶2Ì¶0Ì¶0Ì¶ â‚¬1,025/month","['https://d1jhx8f0okmpxm.cloudfront.net/uploads/pictures/width_500_39a88124-a91c-4793-9516-85b5390e1ace.jpeg', 'https://d1jhx8f0okmpxm.cloudfront.net/uploads/pictures/width_500_cefa9e81-5fbf-4250-8458-dd6c5f769b9a.jpeg', 'https://d1jhx8f0okmpxm.cloudfront.net/uploads/pictures/width_500_34747b3b-b81c-4a0f-b87c-00f7c712dcbe.jpeg', 'https://d1jhx8f0okmpxm.cloudfront.net/uploads/pictures/width_500_b6d91dd3-6f8b-4f94-9f4b-708ab382a6dc.jpeg', 'https://d1jhx8f0okmpxm.cloudfront.net/uploads/pictures/width_500_8d507459-3cba-4344-a9d3-b34cdca2ef80.jpeg', 'https://d1jhx8f0okmpxm.cloudfront.net/uploads/pictures/width_500_63de4c56-02eb-4054-9d07-9cbbbaafb85a.jpeg', 'https://d1jhx8f0okmpxm.cloudfront.net/uploads/pictures/width_500_5328caf9-8d84-42a8-a8ed-4c38d74c80d9.jpeg', 'https://d1jhx8f0okmpxm.cloudfront.net/uploads/pictures/width_500_349757c1-77a3-4f22-a1e1-fc4233648007.jpeg', 'https://d1jhx8f0okmpxm.cloudfront.net/uploads/pictures/width_500_993c2f26-dc93-4b78-9ace-8346d0cb8e2d.jpeg', 'https://d1jhx8f0okmpxm.cloudfront.net/uploads/pictures/width_500_58470f1f-ddbe-4af6-997e-4e29d0f7f287.jpeg']"
1167408,ROOM BREVA at CASA FIGA - SPECIAL PRICE FOR MAY,PRIVATE ROOM Â· 3 FLATMATES,"â‚¬Ì¶1Ì¶,Ì¶2Ì¶0Ì¶0Ì¶ â‚¬1,025/month","['https://d1jhx8f0okmpxm.cloudfront.net/uploads/pictures/width_500_58583fda-fcd7-4c2a-a67f-65d93cf3ca9e.jpeg', 'https://d1jhx8f0okmpxm.cloudfront.net/uploads/pictures/width_500_b9116793-bc6e-447e-b6b0-68ee2c352e66.jpeg', 'https://d1jhx8f0okmpxm.cloudfront.net/uploads/pictures/width_500_0673c9e8-8640-4836-8af3-dc464f7a89c9.jpeg', 'https://d1jhx8f0okmpxm.cloudfront.net/uploads/pictures/width_500_2f389628-96a0-427e-9fd9-4bf1f8dd86ba.jpeg', 'https://d1jhx8f0okmpxm.cloudfront.net/uploads/pictures/width_500_8c39de12-6f7e-4a09-a6fc-9bf1e991924f.jpeg', 'https://d1jhx8f0okmpxm.cloudfront.net/uploads/pictures/width_500_6e82789b-6dee-4d49-92bb-d0c1afc56bd8.jpeg', 'https://d1jhx8f0okmpxm.cloudfront.net/uploads/pictures/width_500_5328caf9-8d84-42a8-a8ed-4c38d74c80d9.jpeg', 'https://d1jhx8f0okmpxm.cloudfront.net/uploads/pictures/width_500_349757c1-77a3-4f22-a1e1-fc4233648007.jpeg', 'https://d1jhx8f0okmpxm.cloudfront.net/uploads/pictures/width_500_993c2f26-dc93-4b78-9ace-8346d0cb8e2d.jpeg', 'https://d1jhx8f0okmpxm.cloudfront.net/uploads/pictures/width_500_58470f1f-ddbe-4af6-997e-4e29d0f7f287.jpeg']"
1167160,ROOM PAZ at CASA BOTERO - SPECIAL PRICE FOR MAY,PRIVATE ROOM Â· 4 FLATMATES,â‚¬Ì¶9Ì¶0Ì¶0Ì¶ â‚¬750/month,"['https://d1jhx8f0okmpxm.cloudfront.net/uploads/pictures/width_500_7eab6ebf-55cb-4fc8-9711-2f054b40f3df.jpeg', 'https://d1jhx8f0okmpxm.cloudfront.net/uploads/pictures/width_500_a446c2a7-2e87-48b0-95a8-13428b858567.jpeg', 'https://d1jhx8f0okmpxm.cloudfront.net/uploads/pictures/width_500_29f16851-3365-4a3d-9f6e-7416b6b91c33.jpeg', 'https://d1jhx8f0okmpxm.cloudfront.net/uploads/pictures/width_500_21ca2117-cc82-41ee-9c49-41c7f42eae6c.jpeg', 'https://d1jhx8f0okmpxm.cloudfront.net/uploads/pictures/width_500_bc210e09-4ee9-46d8-a932-a28c42f601ae.jpeg', 'https://d1jhx8f0okmpxm.cloudfront.net/uploads/pictures/width_500_5e9a8a77-d8b0-4c00-8f6e-5b521de54718.jpeg', 'https://d1jhx8f0okmpxm.cloudfront.net/uploads/pictures/width_500_4102a957-3ed2-4309-aa46-2859f1186f80.jpeg', 'https://d1jhx8f0okmpxm.cloudfront.net/uploads/pictures/width_500_661b7118-1661-4378-acb9-10fd641b4420.jpeg', 'https://d1jhx8f0okmpxm.cloudfront.net/uploads/pictures/width_500_92fa0c25-0314-4b39-8e7e-42bf74bd84ef.jpeg', 'https://d1jhx8f0okmpxm.cloudfront.net/uploads/pictures/width_500_9c3bf207-4724-481b-9226-a03817975496.jpeg']"
1167158,ROOM PRADO at CASA BOTERO - SPECIAL PRICE FOR MAY,PRIVATE ROOM Â· 4 FLATMATES,â‚¬Ì¶9Ì¶0Ì¶0Ì¶ â‚¬750/month,"['https://d1jhx8f0okmpxm.cloudfront.net/uploads/pictures/width_500_e455d82a-a16e-400f-9847-d22ed1f07c33.jpeg', 'https://d1jhx8f0okmpxm.cloudfront.net/uploads/pictures/width_500_9fd25783-a29a-463b-8b26-76ce2833ffc6.jpeg', 'https://d1jhx8f0okmpxm.cloudfront.net/uploads/pictures/width_500_2e0f024b-2a40-4b65-a0d6-31003bf6fbd0.jpeg', 'https://d1jhx8f0okmpxm.cloudfront.net/uploads/pictures/width_500_1a53a18f-ac7b-4656-8705-7f61c1b0b527.jpeg', 'https://d1jhx8f0okmpxm.cloudfront.net/uploads/pictures/width_500_4102a957-3ed2-4309-aa46-2859f1186f80.jpeg', 'https://d1jhx8f0okmpxm.cloudfront.net/uploads/pictures/width_500_661b7118-1661-4378-acb9-10fd641b4420.jpeg', 'https://d1jhx8f0okmpxm.cloudfront.net/uploads/pictures/width_500_92fa0c25-0314-4b39-8e7e-42bf74bd84ef.jpeg', 'https://d1jhx8f0okmpxm.cloudfront.net/uploads/pictures/width_500_9c3bf207-4724-481b-9226-a03817975496.jpeg', 'https://d1jhx8f0okmpxm.cloudfront.net/uploads/pictures/width_500_31844e91-67ac-41c2-829a-121b8e1f429e.jpeg', 'https://d1jhx8f0okmpxm.cloudfront.net/uploads/pictures/width_500_c6711a04-3830-4039-bc00-25e9ea4ddcf6.jpeg']"
1167156,ROOM LLERAS at CASA BOTERO - SPECIAL PRICE FOR MAY,PRIVATE ROOM Â· 4 FLATMATES,"â‚¬1,200/month","['https://d1jhx8f0okmpxm.cloudfront.net/uploads/pictures/width_500_3dcc86a5-8764-44a5-9055-4775f0966f04.jpeg', 'https://d1jhx8f0okmpxm.cloudfront.net/uploads/pictures/width_500_ffc13b55-5198-4264-a057-b18e131fb822.jpeg', 'https://d1jhx8f0okmpxm.cloudfront.net/uploads/pictures/width_500_b8e4bc15-692b-410d-abf2-513ef46d15b9.jpeg', 'https://d1jhx8f0okmpxm.cloudfront.net/uploads/pictures/width_500_d75e395b-d945-4ee8-9a80-935e82bfb876.jpeg', 'https://d1jhx8f0okmpxm.cloudfront.net/uploads/pictures/width_500_c532792a-729d-4888-b0bd-62b082e1d299.jpeg', 'https://d1jhx8f0okmpxm.cloudfront.net/uploads/pictures/width_500_24580644-7abb-4c97-b13e-83d7b3923b6c.jpeg', 'https://d1jhx8f0okmpxm.cloudfront.net/uploads/pictures/width_500_f850e46a-aa14-4d5a-a587-14faa2704c51.jpeg', 'https://d1jhx8f0okmpxm.cloudfront.net/uploads/pictures/width_500_62b8fd63-0b3e-48fa-b714-2570ecc09275.jpeg', 'https://d1jhx8f0okmpxm.cloudfront.net/uploads/pictures/width_500_92fa0c25-0314-4b39-8e7e-42bf74bd84ef.jpeg', 'https://d1jhx8f0okmpxm.cloudfront.net/uploads/pictures/width_500_9c3bf207-4724-481b-9226-a03817975496.jpeg']"
1169886,Habitacion exterior con balcon en leixample,PRIVATE ROOM Â· 1 FLATMATE,â‚¬750/month,"['https://d1jhx8f0okmpxm.cloudfront.net/uploads/pictures/width_500_1955dbd6-1df7-45ec-8109-f1efe0f6e367.jpg', 'https://d1jhx8f0okmpxm.cloudfront.net/uploads/pictures/width_500_b87aca03-4569-4816-b4a7-5a8feced0ab6.jpg', 'https://d1jhx8f0okmpxm.cloudfront.net/uploads/pictures/width_500_68910038-f16a-4900-a89e-078d97495d46.jpg', 'https://d1jhx8f0okmpxm.cloudfront.net/uploads/pictures/width_500_f872ca92-27bd-4cf5-81f0-6e4ce3027bef.jpg', 'https://d1jhx8f0okmpxm.cloudfront.net/uploads/pictures/width_500_3048e66c-4911-494f-b9df-577f298de446.jpg', 'https://d1jhx8f0okmpxm.cloudfront.net/uploads/pictures/width_500_8ed280e9-e483-4dbf-81ec-44dd65e23337.jpg']"
1174078,"HabitaciÃ³n doble, con baÃ±o privado y terraza ",PRIVATE ROOM Â· 1 FLATMATE,â‚¬750/month,"['https://d1jhx8f0okmpxm.cloudfront.net/uploads/pictures/width_500_c01dd07f-cb85-4155-bf0a-0d68aceae5ae.jpg', 'https://d1jhx8f0okmpxm.cloudfront.net/uploads/pictures/width_500_cb27cc81-0ac6-4b7d-aff8-c20a2ce1421b.jpg', 'https://d1jhx8f0okmpxm.cloudfront.net/uploads/pictures/width_500_fc47d615-d64c-466c-a242-e3c612aa8f1a.jpg', 'https://d1jhx8f0okmpxm.cloudfront.net/uploads/pictures/width_500_30aacb49-475b-4051-b250-35558e26194f.jpg', 'https://d1jhx8f0okmpxm.cloudfront.net/uploads/pictures/width_500_c9ebab15-1346-4134-aca4-76da76e254ab.jpg', 'https://d1jhx8f0okmpxm.cloudfront.net/uploads/pictures/width_500_ee8099cc-7343-4447-9f34-5fe3e6252b45.jpg', 'https://d1jhx8f0okmpxm.cloudfront.net/uploads/pictures/width_500_dabb8bc2-3f74-4f80-9fe4-955043062fa3.jpg', 'https://d1jhx8f0okmpxm.cloudfront.net/uploads/pictures/width_500_7223c026-d134-45f6-8f1c-11b32e29680d.jpg', 'https://d1jhx8f0okmpxm.cloudfront.net/uploads/pictures/width_500_29827ce8-2525-4a49-bef3-c25e7e8fec4c.jpg']"
1167525,"Alquilo habitaciÃ³n en Barcelona, Vall dâ€™ HebrÃ³n",PRIVATE ROOM Â· 1 FLATMATE,â‚¬400/month,"['https://d1jhx8f0okmpxm.cloudfront.net/uploads/pictures/width_500_a5509ffe-d8ae-4f10-b4f2-74e6df2ebd40.jpg', 'https://d1jhx8f0okmpxm.cloudfront.net/uploads/pictures/width_500_0e92bcf8-f3f0-4c93-954b-899780a5b351.jpg', 'https://d1jhx8f0okmpxm.cloudfront.net/uploads/pictures/width_500_b39eb603-79d6-49b4-a1a4-fbcee08fe976.jpg', 'https://d1jhx8f0okmpxm.cloudfront.net/uploads/pictures/width_500_68abe94c-cfa5-4495-91a0-5ce46de912c1.jpg', 'https://d1jhx8f0okmpxm.cloudfront.net/uploads/pictures/width_500_0aa8dd63-0399-4b4e-880e-7de96f8dad10.jpg', 'https://d1jhx8f0okmpxm.cloudfront.net/uploads/pictures/width_500_0e66ac39-fb7d-431a-af62-e534343001af.jpg']"
1175188,Bright room with balcony in Dreta de l'Eixample,PRIVATE ROOM Â· NO FLATMATES,â‚¬500/month,"['https://d1jhx8f0okmpxm.cloudfront.net/uploads/pictures/width_500_e2316037-7dc0-493a-8e30-4a75826393af.jpeg', 'https://d1jhx8f0okmpxm.cloudfront.net/uploads/pictures/width_500_f7af289b-6086-4d95-a159-1ccfb3cd6845.jpeg', 'https://d1jhx8f0okmpxm.cloudfront.net/uploads/pictures/width_500_0f8fc7e0-b7d0-4b2b-9668-c59806278111.jpeg', 'https://d1jhx8f0okmpxm.cloudfront.net/uploads/pictures/width_500_4518fff6-e128-4811-bfec-2ae2b172750a.jpeg', 'https://d1jhx8f0okmpxm.cloudfront.net/uploads/pictures/width_500_da9999da-cbb1-47f1-8fda-2c6f6b5be3d0.jpeg']"
1175183,Bills Included Centric,PRIVATE ROOM Â· 3 FLATMATES,â‚¬500/month,"['https://d1jhx8f0okmpxm.cloudfront.net/uploads/pictures/width_500_8ea2d158-2935-4c88-b451-da7da13c7a5a.jpeg', 'https://d1jhx8f0okmpxm.cloudfront.net/uploads/pictures/width_500_cbdbfd8c-ec02-4ad1-9bf5-cdffe4a177c0.jpeg', 'https://d1jhx8f0okmpxm.cloudfront.net/uploads/pictures/width_500_e94a7ed6-d843-4a12-bb61-46f2f382a575.jpeg', 'https://d1jhx8f0okmpxm.cloudfront.net/uploads/pictures/width_500_0266343e-3ca2-4b7a-867b-66048dcee9fd.jpeg', 'https://d1jhx8f0okmpxm.cloudfront.net/uploads/pictures/width_500_18844df9-91d7-4dc5-b5ba-9d2f4ae98472.jpeg', 'https://d1jhx8f0okmpxm.cloudfront.net/uploads/pictures/width_500_ba0654c7-eaed-4d88-afed-d400590bc4cb.jpeg', 'https://d1jhx8f0okmpxm.cloudfront.net/uploads/pictures/width_500_0f74ad7a-bb69-4fce-b7a1-9094d121c11f.jpeg', 'https://d1jhx8f0okmpxm.cloudfront.net/uploads/pictures/width_500_315a96bd-79c3-424c-9a37-0a48a019324a.jpeg', 'https://d1jhx8f0okmpxm.cloudfront.net/uploads/pictures/width_500_b90cb002-a1e0-4a7b-b067-0b690df80624.jpeg', 'https://d1jhx8f0okmpxm.cloudfront.net/uploads/pictures/width_500_b2385f3e-8dc9-4758-b196-6e161c8e92a0.jpeg']"
1134158,HabitaciÃ³n para chicas âœ¨ðŸŒ·,PRIVATE ROOM Â· 4 FLATMATES,â‚¬650/month,"['https://d1jhx8f0okmpxm.cloudfront.net/uploads/pictures/width_500_4968525a-0161-4dc2-b149-ff933fba28c0.jpg', 'https://d1jhx8f0okmpxm.cloudfront.net/uploads/pictures/width_500_d81751a3-6e6c-4fd8-87e6-15e7e629441b.jpg', 'https://d1jhx8f0okmpxm.cloudfront.net/uploads/pictures/width_500_4b2830e1-f940-4451-88c7-9d0f4b7fbbff.jpg', 'https://d1jhx8f0okmpxm.cloudfront.net/uploads/pictures/width_500_393ea9e5-cf5e-498d-92a3-dda5366a693b.jpg', 'https://d1jhx8f0okmpxm.cloudfront.net/uploads/pictures/width_500_6b64ef27-cf5f-45fa-94de-3d2c546fca4a.jpg', 'https://d1jhx8f0okmpxm.cloudfront.net/uploads/pictures/width_500_f1f6bf16-f5b3-42c3-803a-5c449e7a148b.jpg', 'https://d1jhx8f0okmpxm.cloudfront.net/uploads/pictures/width_500_45faf690-2fc5-4486-b672-8a1e78b007d8.jpg', 'https://d1jhx8f0okmpxm.cloudfront.net/uploads/pictures/width_500_3d9f3cbf-7c78-4cdc-8503-af4386aceb8e.jpg', 'https://d1jhx8f0okmpxm.cloudfront.net/uploads/pictures/width_500_89b4e7e8-52ee-4510-b8b3-be34c1c4372d.jpg', 'https://d1jhx8f0okmpxm.cloudfront.net/uploads/pictures/width_500_6648d0be-c5cb-42a3-a44b-b1af62587eaa.jpg']"
1175157,HabitaciÃ³n individual en Nou Barris,PRIVATE ROOM Â· 1 FLATMATE,â‚¬300/month,"['https://d1jhx8f0okmpxm.cloudfront.net/uploads/pictures/width_500_d97c37de-b209-4313-8143-8b73e8d29dad.jpeg', 'https://d1jhx8f0okmpxm.cloudfront.net/uploads/pictures/width_500_88857aff-1408-42c5-bcff-b1809418b119.jpeg', 'https://d1jhx8f0okmpxm.cloudfront.net/uploads/pictures/width_500_bb4b9e82-bbcd-4b61-8db2-573837dbba74.jpeg', 'https://d1jhx8f0okmpxm.cloudfront.net/uploads/pictures/width_500_f73aa837-93e9-4066-a403-da14e31748ac.jpeg', 'https://d1jhx8f0okmpxm.cloudfront.net/uploads/pictures/width_500_0b0ef2ec-6b6e-4055-982b-78062c7437a9.jpeg', 'https://d1jhx8f0okmpxm.cloudfront.net/uploads/pictures/width_500_cfbbcb58-3c5d-40e3-aa68-7aa5638c5a04.jpeg', 'https://d1jhx8f0okmpxm.cloudfront.net/uploads/pictures/width_500_fb46f101-aa53-41db-86c0-d70e5fdde97d.jpeg', 'https://d1jhx8f0okmpxm.cloudfront.net/uploads/pictures/width_500_7a5da5fb-532a-44bd-8b9a-a1bba694555e.jpeg', 'https://d1jhx8f0okmpxm.cloudfront.net/uploads/pictures/width_500_11e0eff1-4cd2-44f2-a5ee-0e0e6840b11d.jpeg', 'https://d1jhx8f0okmpxm.cloudfront.net/uploads/pictures/width_500_5f75c80e-cc1f-4792-acb6-354b06b39131.jpeg']"
899444,HabitaciÃ³n doble exterior - Camp Nou,PRIVATE ROOM Â· 2 FLATMATES,â‚¬560/month,"['https://d1jhx8f0okmpxm.cloudfront.net/uploads/pictures/width_500_46bd8ee6-caa7-4a70-93da-b2f3b6252152.jpg', 'https://d1jhx8f0okmpxm.cloudfront.net/uploads/pictures/width_500_14674a7f-adec-44e1-bbbc-4e8370b093aa.jpg', 'https://d1jhx8f0okmpxm.cloudfront.net/uploads/pictures/width_500_70b5db65-7fe8-4f0b-b2d5-53559ddb92dd.jpg', 'https://d1jhx8f0okmpxm.cloudfront.net/uploads/pictures/width_500_92ac9afe-853e-41e8-b0af-b60cc5d555c3.jpg', 'https://d1jhx8f0okmpxm.cloudfront.net/uploads/pictures/width_500_cacef9f3-d1d1-420c-9cb3-205ddd46abf9.jpg', 'https://d1jhx8f0okmpxm.cloudfront.net/uploads/pictures/width_500_ad1d7d0c-28e1-487d-90d1-b5dbae78ecb2.jpg', 'https://d1jhx8f0okmpxm.cloudfront.net/uploads/pictures/width_500_12b5584e-e13b-43cf-bcb5-c5f4a42af6d4.jpg', 'https://d1jhx8f0okmpxm.cloudfront.net/uploads/pictures/width_500_1364f986-d8f0-4e64-94da-7a1e46391949.jpg', 'https://d1jhx8f0okmpxm.cloudfront.net/uploads/pictures/width_500_cd630c08-b34e-42c4-ae7b-bd6457286c9c.jpg', 'https://d1jhx8f0okmpxm.cloudfront.net/uploads/pictures/width_500_7316ab94-d72f-46ef-a7e3-4847803f4a4f.jpg']"
1070832,"HabitaciÃ³n con mucha luz, con aire acondicionado ",PRIVATE ROOM Â· 1 FLATMATE,â‚¬750/month,"['https://d1jhx8f0okmpxm.cloudfront.net/uploads/pictures/width_500_356c4e3d-5ce7-4b0d-a94f-0e839805850e.jpg', 'https://d1jhx8f0okmpxm.cloudfront.net/uploads/pictures/width_500_4805712c-caca-4ae7-bc2b-a94455cd8fac.jpg', 'https://d1jhx8f0okmpxm.cloudfront.net/uploads/pictures/width_500_59bba6b4-7ffc-401c-9112-5ee427b362d0.jpg', 'https://d1jhx8f0okmpxm.cloudfront.net/uploads/pictures/width_500_16818110-59da-4565-9cbd-b827aa3f0f98.jpg', 'https://d1jhx8f0okmpxm.cloudfront.net/uploads/pictures/width_500_8a676994-dfc5-424a-a105-f007cde5f1f4.jpg', 'https://d1jhx8f0okmpxm.cloudfront.net/uploads/pictures/width_500_f7623a6b-ebcc-4810-bab3-ccbd9ad45f89.jpg', 'https://d1jhx8f0okmpxm.cloudfront.net/uploads/pictures/width_500_6c9ac9b4-78f7-4813-b8f8-59b804153001.jpg', 'https://d1jhx8f0okmpxm.cloudfront.net/uploads/pictures/width_500_9ae33cfc-59f0-42ae-96cc-7555ea0e18a9.jpg', 'https://d1jhx8f0okmpxm.cloudfront.net/uploads/pictures/width_500_d9fc6bc5-8d16-497c-807e-46c9fd9c5956.jpg', 'https://d1jhx8f0okmpxm.cloudfront.net/uploads/pictures/width_500_691bb459-eaf8-45c9-97d9-36fefed3c083.jpg']"
1175151,*Read Well* Two-Week-Only Double Room Bedroom,PRIVATE ROOM Â· 3 FLATMATES,â‚¬350/month,"['https://d1jhx8f0okmpxm.cloudfront.net/uploads/pictures/width_500_7d0bad7e-09ec-466d-aaaf-befd9591ee09.jpg', 'https://d1jhx8f0okmpxm.cloudfront.net/uploads/pictures/width_500_fa3e9449-6f56-49ee-9052-aac0b12a2e6b.jpg', 'https://d1jhx8f0okmpxm.cloudfront.net/uploads/pictures/width_500_a17c1745-91c9-4b29-a683-4159151d62e5.jpg', 'https://d1jhx8f0okmpxm.cloudfront.net/uploads/pictures/width_500_2e8a7e98-84ff-4afe-b715-56fc76d8acc9.jpg', 'https://d1jhx8f0okmpxm.cloudfront.net/uploads/pictures/width_500_85c253b1-f44c-497a-af38-fbb0bd2d5608.jpg', 'https://d1jhx8f0okmpxm.cloudfront.net/uploads/pictures/width_500_624276d2-6c18-47bc-8386-0831afa2d15d.jpg', 'https://d1jhx8f0okmpxm.cloudfront.net/uploads/pictures/width_500_a91877b6-1148-469f-9944-283e05d2d89a.jpg']"
900718,HabitaciÃ³n confortable en El Raval,PRIVATE ROOM Â· 1 FLATMATE,â‚¬345/month,"['https://d1jhx8f0okmpxm.cloudfront.net/uploads/pictures/width_500_daa3f7b2-6862-43c7-be37-6d2b960361f5.jpeg', 'https://d1jhx8f0okmpxm.cloudfront.net/uploads/pictures/width_500_a8ed8d28-3859-4168-818b-3c8e8dfcb412.jpeg', 'https://d1jhx8f0okmpxm.cloudfront.net/uploads/pictures/width_500_bacc8c2f-7c4f-4e49-907c-b719ceeefcc8.jpeg', 'https://d1jhx8f0okmpxm.cloudfront.net/uploads/pictures/width_500_61dd71c6-59a5-4eb0-a617-4229042a3ad2.jpeg', 'https://d1jhx8f0okmpxm.cloudfront.net/uploads/pictures/width_500_214e16c0-33f1-4f6f-affb-549a6adad18b.jpeg', 'https://d1jhx8f0okmpxm.cloudfront.net/uploads/pictures/width_500_102cee74-f388-4685-aab9-d7f7e376219c.jpeg']"
1010829,HabitaciÃ³n en la naturaleza ,PRIVATE ROOM Â· 1 FLATMATE,â‚¬460/month,"['https://d1jhx8f0okmpxm.cloudfront.net/uploads/pictures/width_500_97caa176-5456-42ba-8f63-e273c00b230c.jpeg', 'https://d1jhx8f0okmpxm.cloudfront.net/uploads/pictures/width_500_9500a72a-703b-4061-a92b-609c3abd4b7a.jpeg', 'https://d1jhx8f0okmpxm.cloudfront.net/uploads/pictures/width_500_c7297538-7a98-49a9-8bcd-a12385bcafb2.jpeg', 'https://d1jhx8f0okmpxm.cloudfront.net/uploads/pictures/width_500_0c551f76-69a8-485e-87ff-beb8a16e1c6b.jpeg', 'https://d1jhx8f0okmpxm.cloudfront.net/uploads/pictures/width_500_326a6455-417c-425d-b599-0cbf98d4300c.jpeg', 'https://d1jhx8f0okmpxm.cloudfront.net/uploads/pictures/width_500_fadb6bf6-8786-48be-b7e4-45e592fb068f.jpeg', 'https://d1jhx8f0okmpxm.cloudfront.net/uploads/pictures/width_500_29123be6-1926-49f8-9917-dccdcd542262.jpeg', 'https://d1jhx8f0okmpxm.cloudfront.net/uploads/pictures/width_500_8c42d833-0dc4-4dde-969d-20303533e475.jpeg', 'https://d1jhx8f0okmpxm.cloudfront.net/uploads/pictures/width_500_e3f0fd81-73a5-4897-a0d4-e5ddaac63704.jpeg', 'https://d1jhx8f0okmpxm.cloudfront.net/uploads/pictures/width_500_708ec0d4-2d5e-49a5-bead-65daac83126d.jpeg']"
1171807,"habitacion para persona sola o acompaÃ±ada 
",PRIVATE ROOM Â· 4 FLATMATES,â‚¬400/month,"['https://d1jhx8f0okmpxm.cloudfront.net/uploads/pictures/width_500_855c5c13-1046-45c9-9e2c-3f8811e3e04d.jpg', 'https://d1jhx8f0okmpxm.cloudfront.net/uploads/pictures/width_500_fa8ef957-1c5a-4a40-bc74-9a8adfa9867a.jpg', 'https://d1jhx8f0okmpxm.cloudfront.net/uploads/pictures/width_500_59c4c799-7c5b-4286-bd38-6f7ef6249323.jpg', 'https://d1jhx8f0okmpxm.cloudfront.net/uploads/pictures/width_500_4af4491b-8f2e-457a-9ed9-4e8c9b8d203c.jpg', 'https://d1jhx8f0okmpxm.cloudfront.net/uploads/pictures/width_500_1e129c65-cf12-4bc8-820b-1e1736afaf55.jpg']"
1174545,HabitaciÃ³n LUMINOSA EN CENTRO: metro DRASSANES,PRIVATE ROOM Â· 3 FLATMATES,â‚¬400/month,"['https://d1jhx8f0okmpxm.cloudfront.net/uploads/pictures/width_500_4b8ded17-fb97-4177-8ffa-14200ab59568.jpg', 'https://d1jhx8f0okmpxm.cloudfront.net/uploads/pictures/width_500_064e4727-08f5-4619-a4c5-2b2fc0380330.jpg', 'https://d1jhx8f0okmpxm.cloudfront.net/uploads/pictures/width_500_15bf16dd-9c41-403d-a5cf-5549e3277ddc.jpg', 'https://d1jhx8f0okmpxm.cloudfront.net/uploads/pictures/width_500_de3623a1-1891-4a64-8190-0c06521c5b3f.jpg', 'https://d1jhx8f0okmpxm.cloudfront.net/uploads/pictures/width_500_3259da3a-d904-4d3a-92a5-c212709f9f6f.jpg', 'https://d1jhx8f0okmpxm.cloudfront.net/uploads/pictures/width_500_1f0b696b-dc14-4b6f-8f21-566cd99f0fa3.jpg', 'https://d1jhx8f0okmpxm.cloudfront.net/uploads/pictures/width_500_8b0c0d91-7558-442d-9bfc-db8dd93f9b43.jpg', 'https://d1jhx8f0okmpxm.cloudfront.net/uploads/pictures/width_500_cac58226-ead8-48bc-8940-690b36a7f935.jpg']"
947240,HabitaciÃ³n doble en piso amueblado en Gracia,PRIVATE ROOM Â· 2 FLATMATES,â‚¬550/month,"['https://d1jhx8f0okmpxm.cloudfront.net/uploads/pictures/width_500_62bfa818-bd56-4a90-a011-55c2cf744a0e.jpeg', 'https://d1jhx8f0okmpxm.cloudfront.net/uploads/pictures/width_500_46c55e2a-0a67-4a9e-a2db-5f586c149889.jpeg', 'https://d1jhx8f0okmpxm.cloudfront.net/uploads/pictures/width_500_e4a19928-0a83-4f05-a35d-876c644b229f.jpeg', 'https://d1jhx8f0okmpxm.cloudfront.net/uploads/pictures/width_500_adbb13e9-92e7-4b9a-adef-3605da64cb5b.jpeg', 'https://d1jhx8f0okmpxm.cloudfront.net/uploads/pictures/width_500_f545ba78-722a-46db-a0b5-23ee7b938a2d.jpeg', 'https://d1jhx8f0okmpxm.cloudfront.net/uploads/pictures/width_500_569cf25d-1d62-498e-a02d-cc9e5509752d.jpeg']"
628677,SINGLE ROOM WITH BALCONY IN BARCELONETA ,PRIVATE ROOM Â· 2 FLATMATES,â‚¬500/month,"['https://d1jhx8f0okmpxm.cloudfront.net/uploads/pictures/width_500_c31d865d-6bc1-453c-ba98-1a68c5d31cfb.jpg', 'https://d1jhx8f0okmpxm.cloudfront.net/uploads/pictures/width_500_67d2902d-3226-473b-92a8-984f5eef6da1.jpg', 'https://d1jhx8f0okmpxm.cloudfront.net/uploads/pictures/width_500_f0ccd57b-3e37-457a-91df-fae5a3ed8499.jpg', 'https://d1jhx8f0okmpxm.cloudfront.net/uploads/pictures/width_500_91d2eca4-e5a9-4689-9501-b27147f4ccc8.jpg', 'https://d1jhx8f0okmpxm.cloudfront.net/uploads/pictures/width_500_91474621-aa55-4219-b89f-e9755ddade76.jpeg', 'https://d1jhx8f0okmpxm.cloudfront.net/uploads/pictures/width_500_87b0bfb9-0704-4b3d-b80b-81937b3568f1.jpg', 'https://d1jhx8f0okmpxm.cloudfront.net/uploads/pictures/width_500_c8ceb31d-1b5c-46e8-85e2-8add9e762c6b.jpeg', 'https://d1jhx8f0okmpxm.cloudfront.net/uploads/pictures/width_500_90dbd778-bf38-4a02-810e-a20f097e5573.jpeg', 'https://d1jhx8f0okmpxm.cloudfront.net/uploads/pictures/width_500_67856c9c-9ba0-4989-a22c-76fa6e7b6e03.jpeg', 'https://d1jhx8f0okmpxm.cloudfront.net/uploads/pictures/width_500_cd73f315-4e0c-4890-9f1d-3372a285ee96.jpeg']"
1073408,Cosy room in Gracia with massive terrace,PRIVATE ROOM Â· 2 FLATMATES,â‚¬565/month,"['https://d1jhx8f0okmpxm.cloudfront.net/uploads/pictures/width_500_5131379d-1e70-46c0-9d0c-f5ce33c09679.jpg', 'https://d1jhx8f0okmpxm.cloudfront.net/uploads/pictures/width_500_809c3de4-76d7-46e2-9134-656d7408d135.jpg', 'https://d1jhx8f0okmpxm.cloudfront.net/uploads/pictures/width_500_79feff10-731a-45a6-9ab1-dd22a52d7258.jpg', 'https://d1jhx8f0okmpxm.cloudfront.net/uploads/pictures/width_500_0eafad98-07d4-48f7-b735-a6775c566d09.jpg', 'https://d1jhx8f0okmpxm.cloudfront.net/uploads/pictures/width_500_b2bd4a51-beb6-4333-8f7e-b51bab4c3d3c.jpg', 'https://d1jhx8f0okmpxm.cloudfront.net/uploads/pictures/width_500_63d5b73d-a201-4144-8a9d-91e7e8d8b307.jpg', 'https://d1jhx8f0okmpxm.cloudfront.net/uploads/pictures/width_500_291c0981-969a-44c9-8436-505ba57638c5.jpg', 'https://d1jhx8f0okmpxm.cloudfront.net/uploads/pictures/width_500_6b5d0806-a7db-4c3a-b8a6-0160403527db.jpg', 'https://d1jhx8f0okmpxm.cloudfront.net/uploads/pictures/width_500_7a8612c3-b163-4be1-bcb9-1ba4c6695473.jpg', 'https://d1jhx8f0okmpxm.cloudfront.net/uploads/pictures/width_500_d20cbc07-012c-48ce-9444-0d9a720d6e73.jpg']"
1175100,BEST LIGHT ROOM IN BARCELONA CENTER ,PRIVATE ROOM Â· 1 FLATMATE,â‚¬795/month,"['https://d1jhx8f0okmpxm.cloudfront.net/uploads/pictures/width_500_dc1fbbfc-07d3-4043-a7e3-4114e7aa7525.jpg', 'https://d1jhx8f0okmpxm.cloudfront.net/uploads/pictures/width_500_410724c4-47ca-471a-859d-41baacb500ea.jpg', 'https://d1jhx8f0okmpxm.cloudfront.net/uploads/pictures/width_500_641e6d77-ece2-404e-9687-f09066c06021.jpg', 'https://d1jhx8f0okmpxm.cloudfront.net/uploads/pictures/width_500_994dcd58-ef71-4ff7-a57e-524ce333df11.jpg', 'https://d1jhx8f0okmpxm.cloudfront.net/uploads/pictures/width_500_24fc6105-f9e3-477a-8067-35c64cb5ea76.jpg', 'https://d1jhx8f0okmpxm.cloudfront.net/uploads/pictures/width_500_ce4d5825-7a2c-450e-9f8f-a08ebff2de6f.jpg', 'https://d1jhx8f0okmpxm.cloudfront.net/uploads/pictures/width_500_7dc81226-fea5-4483-8a19-5f440dd1ec96.jpg', 'https://d1jhx8f0okmpxm.cloudfront.net/uploads/pictures/width_500_3bf460f5-a67f-4180-bd5e-490644ea6294.jpg', 'https://d1jhx8f0okmpxm.cloudfront.net/uploads/pictures/width_500_2691530c-d55b-4d42-b55b-f778f5756afc.jpg', 'https://d1jhx8f0okmpxm.cloudfront.net/uploads/pictures/width_500_ca43d51c-88d3-414b-89a6-a45e9c282ae4.jpg']"
1175101,Room in Sant MartÃ­,PRIVATE ROOM Â· NO FLATMATES,â‚¬550/month,"['https://d1jhx8f0okmpxm.cloudfront.net//pictures/width_500_a5de1c48-d929-4da9-afab-8b455aab14dd.jpeg', 'https://d1jhx8f0okmpxm.cloudfront.net/uploads/pictures/width_500_6fe54733-52e3-4025-a0c9-558b16376216.jpeg', 'https://d1jhx8f0okmpxm.cloudfront.net/uploads/pictures/width_500_6964d36f-cfc0-444b-8430-0f985ed08907.jpeg', 'https://d1jhx8f0okmpxm.cloudfront.net/uploads/pictures/width_500_2e06bc12-f3b7-45eb-9a69-75c0575dc06d.jpeg', 'https://d1jhx8f0okmpxm.cloudfront.net/uploads/pictures/width_500_7250a9c9-8246-4655-ac5f-a691974fd1ac.jpeg', 'https://d1jhx8f0okmpxm.cloudfront.net/uploads/pictures/width_500_d4f927a7-6a9a-48ea-ab80-9622a177e9d4.jpeg']"
1058073,HabitaciÃ³n interior individual en El Putxet i el FarrÃ³,PRIVATE ROOM Â· 2 FLATMATES,â‚¬400/month,"['https://d1jhx8f0okmpxm.cloudfront.net/uploads/pictures/width_500_0073fffb-43f1-481d-98d2-720d91498e71.jpeg', 'https://d1jhx8f0okmpxm.cloudfront.net/uploads/pictures/width_500_f4180ffa-ad65-474d-a28e-57f17b29c118.jpeg', 'https://d1jhx8f0okmpxm.cloudfront.net/uploads/pictures/width_500_a537f72c-fca3-4739-901f-5af00f0bec83.jpeg', 'https://d1jhx8f0okmpxm.cloudfront.net/uploads/pictures/width_500_7834b1cf-dc87-4c74-98d6-6b7e1c6f531f.jpeg', 'https://d1jhx8f0okmpxm.cloudfront.net/uploads/pictures/width_500_d2cc7eb7-3f9d-4f87-894b-772d79931556.jpeg']"
942696, HABITACION INDIVIDUAL EXTERIOR CON MUCHA LUZ NATURAL,PRIVATE ROOM Â· 6 FLATMATES,â‚¬310/month,"['https://d1jhx8f0okmpxm.cloudfront.net/uploads/pictures/width_500_248a5903-e816-43df-a56d-87535c105bf5.jpeg', 'https://d1jhx8f0okmpxm.cloudfront.net/uploads/pictures/width_500_7ab5e65e-abca-4f85-b914-4c25f48d25f1.jpeg', 'https://d1jhx8f0okmpxm.cloudfront.net/uploads/pictures/width_500_e79c8c7b-0026-4406-b76b-497075003fb0.jpeg', 'https://d1jhx8f0okmpxm.cloudfront.net/uploads/pictures/width_500_ec8bb5b2-2682-4d01-9730-5eeed6c91196.jpeg', 'https://d1jhx8f0okmpxm.cloudfront.net/uploads/pictures/width_500_c6bb70d4-2505-4a84-a6af-cc17443a1818.jpeg', 'https://d1jhx8f0okmpxm.cloudfront.net/uploads/pictures/width_500_3615a849-f96d-4490-969a-bf44a3fea35b.jpeg', 'https://d1jhx8f0okmpxm.cloudfront.net/uploads/pictures/width_500_ff2982a8-64b9-4d65-96ae-b4431fafc45d.jpeg', 'https://d1jhx8f0okmpxm.cloudfront.net/uploads/pictures/width_500_f92624c8-8877-4eae-a793-222797577c6a.jpg', 'https://d1jhx8f0okmpxm.cloudfront.net/uploads/pictures/width_500_55485530-639c-4f18-9390-07b266a9781e.jpg', 'https://d1jhx8f0okmpxm.cloudfront.net/uploads/pictures/width_500_bdf0e010-0ea4-422e-96f8-8fb1fb11a866.jpg']"
907604,HabitaciÃ³n doble en Ã¡tico con gran terraza,PRIVATE ROOM Â· 1 FLATMATE,â‚¬Ì¶8Ì¶0Ì¶0Ì¶ â‚¬770/month,"['https://d1jhx8f0okmpxm.cloudfront.net/uploads/pictures/width_500_5aaf9508-5364-4551-ba30-c6033e09112a.jpg', 'https://d1jhx8f0okmpxm.cloudfront.net/uploads/pictures/width_500_78b1d781-3779-4b22-ae35-998e4eabfc94.jpg', 'https://d1jhx8f0okmpxm.cloudfront.net/uploads/pictures/width_500_c2e4aaf2-48e0-4974-848e-d7930040a90f.jpg', 'https://d1jhx8f0okmpxm.cloudfront.net/uploads/pictures/width_500_fea38a26-85b8-451d-9d5f-cc0a897ed6b4.jpg', 'https://d1jhx8f0okmpxm.cloudfront.net/uploads/pictures/width_500_e96d363f-a6c8-4de2-a917-6f837fa4071d.jpg', 'https://d1jhx8f0okmpxm.cloudfront.net/uploads/pictures/width_500_573d9e3f-81dc-48f6-8bcc-498fecde97c9.jpg', 'https://d1jhx8f0okmpxm.cloudfront.net/uploads/pictures/width_500_95861483-4fab-4e05-86ff-b49c17157e12.jpg', 'https://d1jhx8f0okmpxm.cloudfront.net/uploads/pictures/width_500_cfc58071-9b65-4291-b439-cea224795c52.jpg', 'https://d1jhx8f0okmpxm.cloudfront.net/uploads/pictures/width_500_a0650993-238f-47f2-b953-87eb439ba205.jpg', 'https://d1jhx8f0okmpxm.cloudfront.net/uploads/pictures/width_500_2f2e25b9-87d5-4ed8-b237-af545787e9bf.jpg']"
1158593,HabitaciÃ³n en La Sagrera,PRIVATE ROOM Â· 1 FLATMATE,â‚¬500/month,"['https://d1jhx8f0okmpxm.cloudfront.net/uploads/pictures/width_500_6788cb17-98bf-45e8-81e7-41ac3946ec43.jpeg', 'https://d1jhx8f0okmpxm.cloudfront.net/uploads/pictures/width_500_383bac61-cdfa-410c-a443-45a23b03b184.jpeg', 'https://d1jhx8f0okmpxm.cloudfront.net/uploads/pictures/width_500_069ea2a0-f9fd-4edd-8590-a9d55cd7a046.jpeg', 'https://d1jhx8f0okmpxm.cloudfront.net/uploads/pictures/width_500_56613ec9-0b43-415f-a114-7877616cc275.jpeg', 'https://d1jhx8f0okmpxm.cloudfront.net/uploads/pictures/width_500_b8e34e17-bc84-4b6b-bf47-35acfd960262.jpeg', 'https://d1jhx8f0okmpxm.cloudfront.net/uploads/pictures/width_500_ca4fec6f-85ce-44d6-b201-d05ef6217396.jpeg', 'https://d1jhx8f0okmpxm.cloudfront.net/uploads/pictures/width_500_3fce8c5a-d13b-4346-bfda-f87e23c979fe.jpeg', 'https://d1jhx8f0okmpxm.cloudfront.net/uploads/pictures/width_500_21135155-2450-4089-b9dc-3c627071a05c.jpeg', 'https://d1jhx8f0okmpxm.cloudfront.net/uploads/pictures/width_500_61822000-5582-4890-aea9-309f5cebfb0e.jpeg', 'https://d1jhx8f0okmpxm.cloudfront.net/uploads/pictures/width_500_ae511d27-18eb-4f4f-a6c7-d505c8b76543.jpeg']"
115960,HABITACIÃ“N SOLEADA CON CAMA KING PARA USO INDIVIDUAL ,PRIVATE ROOM Â· 1 FLATMATE,â‚¬550/month,"['https://d1jhx8f0okmpxm.cloudfront.net/uploads/pictures/width_500_10f94e4d-ca52-4c0b-a10a-022dd9ef6d90.jpeg', 'https://d1jhx8f0okmpxm.cloudfront.net/uploads/pictures/width_500_7b4f49d4-8ab7-4e5f-84e2-6ffa7f24bf12.jpeg', 'https://d1jhx8f0okmpxm.cloudfront.net/uploads/pictures/width_500_11bc24d4-c631-4995-9fd3-353e816741cf.jpeg', 'https://d1jhx8f0okmpxm.cloudfront.net/uploads/pictures/width_500_1f4b4a20-eca6-42c6-8e35-875ac2c44cad.jpeg', 'https://d1jhx8f0okmpxm.cloudfront.net/uploads/pictures/width_500_73073e4d-9a17-4cb7-9673-644d8179b865.jpeg', 'https://d1jhx8f0okmpxm.cloudfront.net/uploads/pictures/width_500_1973ea2e-c7ea-48e7-98bf-bafc9e4567a4.jpeg', 'https://d1jhx8f0okmpxm.cloudfront.net/uploads/pictures/width_500_20b77099-4e5f-4a55-8e81-99d3f0f749d4.jpeg', 'https://d1jhx8f0okmpxm.cloudfront.net/uploads/pictures/width_500_29a5ead6-6337-42cf-9650-08ab54efe8a2.jpeg', 'https://d1jhx8f0okmpxm.cloudfront.net/uploads/pictures/width_500_b0258dc8-578d-4122-9b4d-88eb095c605e.jpeg']"
1172701,habitacion individual con escritorio bien ubicada,PRIVATE ROOM Â· 2 FLATMATES,â‚¬Ì¶7Ì¶0Ì¶0Ì¶ â‚¬600/month,"['https://d1jhx8f0okmpxm.cloudfront.net/uploads/pictures/width_500_55687880-1689-44f4-8857-97939cfa9b14.jpeg', 'https://d1jhx8f0okmpxm.cloudfront.net/uploads/pictures/width_500_cd383c07-533d-4e60-ab54-c666abe567bd.jpeg', 'https://d1jhx8f0okmpxm.cloudfront.net/uploads/pictures/width_500_52f39b8e-bfa6-4bc9-bceb-a4a766b0ade4.jpeg', 'https://d1jhx8f0okmpxm.cloudfront.net/uploads/pictures/width_500_b3c88766-c204-43e0-b6f7-cdd90062c968.jpeg', 'https://d1jhx8f0okmpxm.cloudfront.net/uploads/pictures/width_500_9676befd-ebd7-469b-8a1e-c319e78c2085.jpeg']"
1126058,HabitaciÃ³n disponible para ya en PlaÃ§a Maragall,PRIVATE ROOM Â· 1 FLATMATE,â‚¬450/month,"['https://d1jhx8f0okmpxm.cloudfront.net/uploads/pictures/width_500_dc95f9e1-73dd-4bf8-97e8-53761894ec28.jpeg', 'https://d1jhx8f0okmpxm.cloudfront.net/uploads/pictures/width_500_a9c29315-1f5d-4ff7-a7b1-0f0b95223b57.jpeg', 'https://d1jhx8f0okmpxm.cloudfront.net/uploads/pictures/width_500_d404ae6b-83f1-4dfd-962a-31d03ca383f0.jpeg', 'https://d1jhx8f0okmpxm.cloudfront.net/uploads/pictures/width_500_6a5bede0-1152-4a22-9b0d-91feced741c3.jpeg', 'https://d1jhx8f0okmpxm.cloudfront.net/uploads/pictures/width_500_60d4b1ac-efb3-4b56-baae-1afd536bf1e1.jpeg', 'https://d1jhx8f0okmpxm.cloudfront.net/uploads/pictures/width_500_2de4951e-6db0-4b2d-ad26-87134dbb127d.jpeg', 'https://d1jhx8f0okmpxm.cloudfront.net/uploads/pictures/width_500_237d5bdc-7d0f-4685-ba9c-8c3aff637dcc.jpeg', 'https://d1jhx8f0okmpxm.cloudfront.net/uploads/pictures/width_500_7a8d920d-7dbe-4eaf-a285-d8a6394c3254.jpeg']"
1172593,HabitaciÃ³n para una chica latina ,PRIVATE ROOM Â· 3 FLATMATES,â‚¬Ì¶3Ì¶9Ì¶0Ì¶ â‚¬360/month,"['https://d1jhx8f0okmpxm.cloudfront.net/uploads/pictures/width_500_73ad57bd-8ca8-41e7-bca0-2722f6c6b686.jpeg', 'https://d1jhx8f0okmpxm.cloudfront.net/uploads/pictures/width_500_a7f41384-be92-4e05-a908-05def5087078.jpeg', 'https://d1jhx8f0okmpxm.cloudfront.net/uploads/pictures/width_500_064d31f6-c0ce-4375-8c50-b240ae9bff31.jpeg', 'https://d1jhx8f0okmpxm.cloudfront.net/uploads/pictures/width_500_be471e41-e9c5-4d89-9c7d-b86fcbb8100b.jpeg', 'https://d1jhx8f0okmpxm.cloudfront.net/uploads/pictures/width_500_8cb09ee0-2da1-4212-ab81-9d53a28a3e5d.jpeg']"
947528,Corunya - Clot,PRIVATE ROOM Â· 3 FLATMATES,â‚¬Ì¶4Ì¶8Ì¶5Ì¶ â‚¬480/month,"['https://d1jhx8f0okmpxm.cloudfront.net/uploads/pictures/width_500_5bc997d4-056d-4d32-ad28-ed299403b25f.jpeg', 'https://d1jhx8f0okmpxm.cloudfront.net/uploads/pictures/width_500_89eca43f-aa33-455c-937d-8907469e60fc.jpeg', 'https://d1jhx8f0okmpxm.cloudfront.net/uploads/pictures/width_500_a613b253-b706-4256-bd6a-98b1b386d0d4.jpeg', 'https://d1jhx8f0okmpxm.cloudfront.net/uploads/pictures/width_500_d2c2a47c-e413-47bb-8d0a-b01c63eccc2c.jpeg', 'https://d1jhx8f0okmpxm.cloudfront.net/uploads/pictures/width_500_3507400f-2217-4c06-b5f3-77b6334d78d7.jpeg', 'https://d1jhx8f0okmpxm.cloudfront.net/uploads/pictures/width_500_774b90a6-b901-42f9-96db-756f24aef203.jpeg', 'https://d1jhx8f0okmpxm.cloudfront.net/uploads/pictures/width_500_bc46510f-a3b3-4060-b8bd-b0eb2c32ec91.jpeg']"
730386,"habitaciÃ³n muy grande, con balcÃ³n ",PRIVATE ROOM Â· 3 FLATMATES,â‚¬620/month,"['https://d1jhx8f0okmpxm.cloudfront.net/uploads/pictures/width_500_d742b1a4-a894-4316-a980-b6ac3b5e50d6.jpeg', 'https://d1jhx8f0okmpxm.cloudfront.net/uploads/pictures/width_500_20a8ac15-1f60-4524-bcae-0fe4faeed710.jpeg', 'https://d1jhx8f0okmpxm.cloudfront.net/uploads/pictures/width_500_c4e80d87-0c50-4646-8fbf-29cf08c604a7.jpeg', 'https://d1jhx8f0okmpxm.cloudfront.net/uploads/pictures/width_500_ce11e684-9a83-48e0-8658-67161ce0b92f.jpeg', 'https://d1jhx8f0okmpxm.cloudfront.net/uploads/pictures/width_500_7578a479-3f34-4106-912b-7fc730b5f78f.jpeg', 'https://d1jhx8f0okmpxm.cloudfront.net/uploads/pictures/width_500_5580f00a-7549-4e72-ae5b-d97c6aef6f97.jpeg']"
1172503,Linda habitaciÃ³n,PRIVATE ROOM Â· 2 FLATMATES,â‚¬750/month,"['https://d1jhx8f0okmpxm.cloudfront.net/uploads/pictures/width_500_9cfd21d8-df95-4681-bee6-d635c56726da.jpeg', 'https://d1jhx8f0okmpxm.cloudfront.net/uploads/pictures/width_500_7dfc1532-5116-4769-aaa6-14e4fe2eb16b.jpeg', 'https://d1jhx8f0okmpxm.cloudfront.net/uploads/pictures/width_500_bfa9c133-876e-48dd-81b4-4a17ff897860.jpeg', 'https://d1jhx8f0okmpxm.cloudfront.net/uploads/pictures/width_500_e049e1a4-c2fd-436e-80b9-92460c2caae9.jpeg', 'https://d1jhx8f0okmpxm.cloudfront.net/uploads/pictures/width_500_c80a3738-fd64-4fc5-af78-d273f44e2f38.jpeg']"
1116451,"ROOM FOR RENT, TO 8 STREET AGBAR TORRE AND DIAGONAL ",PRIVATE ROOM Â· 2 FLATMATES,â‚¬Ì¶3Ì¶9Ì¶8Ì¶ â‚¬320/month,"['https://d1jhx8f0okmpxm.cloudfront.net/uploads/pictures/width_500_dbaa29f3-f0b0-48e8-a81c-c9d64b9b2d66.jpeg', 'https://d1jhx8f0okmpxm.cloudfront.net/uploads/pictures/width_500_d5a50906-3857-49e2-adf5-1f6545dde2bb.jpeg', 'https://d1jhx8f0okmpxm.cloudfront.net/uploads/pictures/width_500_3b64b970-7368-4137-8628-1a2d59e42b9a.jpeg', 'https://d1jhx8f0okmpxm.cloudfront.net/uploads/pictures/width_500_a3913e58-323c-441d-80a1-7bf8aa627256.jpeg', 'https://d1jhx8f0okmpxm.cloudfront.net/uploads/pictures/width_500_657d8dc8-4974-4396-98bb-fc8b9033b84d.jpeg', 'https://d1jhx8f0okmpxm.cloudfront.net/uploads/pictures/width_500_5bb8fab8-6a3e-4758-a196-a84fe03cb800.jpeg', 'https://d1jhx8f0okmpxm.cloudfront.net/uploads/pictures/width_500_0f136305-e2ae-4dff-a6b8-f330c9a51fb8.jpeg', 'https://d1jhx8f0okmpxm.cloudfront.net/uploads/pictures/width_500_65afb0ac-4cc6-4942-84c6-7494c70bcec2.jpeg', 'https://d1jhx8f0okmpxm.cloudfront.net/uploads/pictures/width_500_ede10b1b-0364-4286-a50d-465844406501.jpeg', 'https://d1jhx8f0okmpxm.cloudfront.net/uploads/pictures/width_500_d219f883-e5e0-4330-8b10-af85a8432a4a.jpeg']"
1100502,HabitaciÃ³n individual durante el mes de Mayo ,PRIVATE ROOM Â· 2 FLATMATES,â‚¬500/month,"['https://d1jhx8f0okmpxm.cloudfront.net/uploads/pictures/width_500_21ea2d66-ebd7-4c47-a062-8d37b0dc9e86.jpg', 'https://d1jhx8f0okmpxm.cloudfront.net/uploads/pictures/width_500_630f103a-c14d-4712-9aa6-8023c919a41a.jpg', 'https://d1jhx8f0okmpxm.cloudfront.net/uploads/pictures/width_500_16063ac2-6d73-47c8-8c51-1f27079c719f.jpg', 'https://d1jhx8f0okmpxm.cloudfront.net/uploads/pictures/width_500_d5f95411-3b17-4874-a44a-6087befce9ba.jpg', 'https://d1jhx8f0okmpxm.cloudfront.net/uploads/pictures/width_500_502d153e-a31c-4370-b588-161b1c65c337.jpg']"
1172261,Second floor in a penthouse + private restroom ðŸš½ ðŸš¿,PRIVATE ROOM Â· NO FLATMATES,â‚¬600/month,"['https://d1jhx8f0okmpxm.cloudfront.net/uploads/pictures/width_500_8014d8e3-3154-4d1c-842b-0f4edf8428a4.jpg', 'https://d1jhx8f0okmpxm.cloudfront.net/uploads/pictures/width_500_bb9df45c-5599-4b74-af66-1c01d73ab891.jpg', 'https://d1jhx8f0okmpxm.cloudfront.net/uploads/pictures/width_500_0151be44-04a5-4891-9419-3429b9b763b3.jpg', 'https://d1jhx8f0okmpxm.cloudfront.net/uploads/pictures/width_500_dcd4b45c-cecf-44ba-9dbc-5ccbbd1dcf17.jpg', 'https://d1jhx8f0okmpxm.cloudfront.net/uploads/pictures/width_500_f83d860a-754c-4ea7-b681-2c497cfc958b.jpg', 'https://d1jhx8f0okmpxm.cloudfront.net/uploads/pictures/width_500_4b8097cc-a97b-4f4e-b053-3d60cbc50495.jpg', 'https://d1jhx8f0okmpxm.cloudfront.net/uploads/pictures/width_500_9251bf0c-45c7-4c27-be60-8ac148ba6343.jpg', 'https://d1jhx8f0okmpxm.cloudfront.net/uploads/pictures/width_500_e3c7013c-5b0d-4f93-a54e-60b0ab3c2600.jpg', 'https://d1jhx8f0okmpxm.cloudfront.net/uploads/pictures/width_500_daec8b56-f2af-47f0-aa5f-b09bb7e453e8.jpg', 'https://d1jhx8f0okmpxm.cloudfront.net/uploads/pictures/width_500_573bd6e1-07c0-4cdc-bf83-a3203f7104de.jpg']"
1109121,Room in the Sagrada Familia area.,PRIVATE ROOM Â· 1 FLATMATE,â‚¬600/month,"['https://d1jhx8f0okmpxm.cloudfront.net/uploads/pictures/width_500_68948d52-31f7-46d9-b7c9-2d89ec2ca203.jpg', 'https://d1jhx8f0okmpxm.cloudfront.net/uploads/pictures/width_500_7f7c2fc8-2a84-4aa3-9eec-4f81a6f249ec.jpg', 'https://d1jhx8f0okmpxm.cloudfront.net/uploads/pictures/width_500_ea0b3a91-62c4-41c7-99fc-eeb7f03ed335.jpg', 'https://d1jhx8f0okmpxm.cloudfront.net/uploads/pictures/width_500_db504397-817c-4682-9044-c4b50538f739.jpg', 'https://d1jhx8f0okmpxm.cloudfront.net/uploads/pictures/width_500_64c912b7-d8af-487b-b8a7-871f5b079ad1.jpg', 'https://d1jhx8f0okmpxm.cloudfront.net/uploads/pictures/width_500_cab481fd-3eb1-48be-83dd-76f47ecf8f13.jpg', 'https://d1jhx8f0okmpxm.cloudfront.net/uploads/pictures/width_500_b7581f48-700b-4442-9008-ba1c2ebffe61.jpg', 'https://d1jhx8f0okmpxm.cloudfront.net/uploads/pictures/width_500_6fc941c3-9203-4baa-bb86-e1cc65d49ce5.jpg', 'https://d1jhx8f0okmpxm.cloudfront.net/uploads/pictures/width_500_d5c00703-486f-41c2-ac4d-87b1c324a50b.jpg', 'https://d1jhx8f0okmpxm.cloudfront.net/uploads/pictures/width_500_2d174582-46d9-4814-8cfe-94c4b5b3d707.jpg']"
967782,HabitaciÃ³n sencilla en El Clot,PRIVATE ROOM Â· 2 FLATMATES,â‚¬400/month,"['https://d1jhx8f0okmpxm.cloudfront.net/uploads/pictures/width_500_a1683e4d-4fe0-48aa-b598-0880032145e1.jpeg', 'https://d1jhx8f0okmpxm.cloudfront.net/uploads/pictures/width_500_c8536528-7e34-43be-a8a3-cd8b6a88a274.jpeg', 'https://d1jhx8f0okmpxm.cloudfront.net/uploads/pictures/width_500_f5755fa0-3c0a-4b6a-9094-123ba3ab716a.jpeg', 'https://d1jhx8f0okmpxm.cloudfront.net/uploads/pictures/width_500_1751b434-72c7-4f5c-a3a5-605ef4ec68da.jpeg', 'https://d1jhx8f0okmpxm.cloudfront.net/uploads/pictures/width_500_cbee87b4-e8dc-4abc-9c81-6311a5c3f75e.jpeg']"
1171953,HabitaciÃ³n confortable en La Sagrera,PRIVATE ROOM Â· 2 FLATMATES,â‚¬500/month,"['https://d1jhx8f0okmpxm.cloudfront.net/uploads/pictures/width_500_826e9e88-1859-4b13-bf0e-6af7492dd0f0.jpeg', 'https://d1jhx8f0okmpxm.cloudfront.net/uploads/pictures/width_500_1c8a8a50-2961-4799-a295-64959697a11d.jpeg', 'https://d1jhx8f0okmpxm.cloudfront.net/uploads/pictures/width_500_6d355bee-ff9e-427f-aeca-47df1a281271.jpeg', 'https://d1jhx8f0okmpxm.cloudfront.net/uploads/pictures/width_500_f24639bb-3f1e-4b47-985a-5b24f3967922.jpeg', 'https://d1jhx8f0okmpxm.cloudfront.net/uploads/pictures/width_500_e659f8d4-ce1f-493b-88be-6bfe2ea05f17.jpeg', 'https://d1jhx8f0okmpxm.cloudfront.net/uploads/pictures/width_500_570410b8-fd76-445d-843d-b3a01f564487.jpeg', 'https://d1jhx8f0okmpxm.cloudfront.net/uploads/pictures/width_500_85097d97-00f1-4ba1-82bb-f160e3d72cba.jpeg']"
1078467,Room in La Sagrera,PRIVATE ROOM Â· 3 FLATMATES,â‚¬Ì¶4Ì¶9Ì¶0Ì¶ â‚¬450/month,"['https://d1jhx8f0okmpxm.cloudfront.net/uploads/pictures/width_500_0bf2e894-6d61-4d43-8f8f-21a24cb4ab29.jpeg', 'https://d1jhx8f0okmpxm.cloudfront.net/uploads/pictures/width_500_ac216398-5b33-4050-9296-75b598278970.jpeg', 'https://d1jhx8f0okmpxm.cloudfront.net/uploads/pictures/width_500_9473c012-a9e3-4bbd-aacf-b7b8ffe15036.jpeg', 'https://d1jhx8f0okmpxm.cloudfront.net/uploads/pictures/width_500_6d1ad708-2f17-41e5-860e-df508d2d2ac7.jpeg', 'https://d1jhx8f0okmpxm.cloudfront.net/uploads/pictures/width_500_28e1ad84-c90c-44d1-8a4a-616f37f20faf.jpeg']"
1043346,HabitaciÃ³n Doble para una persona en piso reformado,PRIVATE ROOM Â· 1 FLATMATE,â‚¬600/month,"['https://d1jhx8f0okmpxm.cloudfront.net/uploads/pictures/width_500_9ed647c2-6082-4dfc-ba55-03c238960bb3.jpeg', 'https://d1jhx8f0okmpxm.cloudfront.net/uploads/pictures/width_500_e781611e-c45e-4099-8720-75feb22286f4.jpeg', 'https://d1jhx8f0okmpxm.cloudfront.net/uploads/pictures/width_500_410c955e-7197-4cd7-9eac-44eff49cf494.jpeg', 'https://d1jhx8f0okmpxm.cloudfront.net/uploads/pictures/width_500_73534d29-7273-4c36-aff4-8e3e684eadd2.jpeg', 'https://d1jhx8f0okmpxm.cloudfront.net/uploads/pictures/width_500_b77f73ee-9521-440a-89cb-700bb46276c5.jpeg', 'https://d1jhx8f0okmpxm.cloudfront.net/uploads/pictures/width_500_b5afb449-397f-4a0c-964b-16f1712cf1ee.jpeg', 'https://d1jhx8f0okmpxm.cloudfront.net/uploads/pictures/width_500_1cee992e-b0e9-4b07-83e6-0f847d2b0323.jpeg', 'https://d1jhx8f0okmpxm.cloudfront.net/uploads/pictures/width_500_a26b6c6f-c815-4561-9f45-8026f03b5bc9.jpeg']"
1090692,Single bed room in Guinardo,PRIVATE ROOM Â· 1 FLATMATE,â‚¬450/month,"['https://d1jhx8f0okmpxm.cloudfront.net/uploads/pictures/width_500_a6f35c8b-0662-4f7c-b6c3-13e67ff62fdd.jpg', 'https://d1jhx8f0okmpxm.cloudfront.net/uploads/pictures/width_500_35a742f3-125e-4aa8-a886-e185dd9a5fd3.jpg', 'https://d1jhx8f0okmpxm.cloudfront.net/uploads/pictures/width_500_cbf8b4be-de6c-4b8a-a0cb-1a8f9bd03ec5.jpg', 'https://d1jhx8f0okmpxm.cloudfront.net/uploads/pictures/width_500_169d78f0-629a-4985-8b91-965fc263df00.jpg', 'https://d1jhx8f0okmpxm.cloudfront.net/uploads/pictures/width_500_64dfd703-80ab-4f0a-a6c0-2762262a78a0.jpg']"
1166338,"HabitaciÃ³n en can baro â€œEstudiante""",PRIVATE ROOM Â· 3 FLATMATES,â‚¬430/month,"['https://d1jhx8f0okmpxm.cloudfront.net/uploads/pictures/width_500_ca38d602-5ae8-47b6-b022-c544115f0a25.jpg', 'https://d1jhx8f0okmpxm.cloudfront.net/uploads/pictures/width_500_63a24d7f-5d09-44a1-9f5c-f497a664c65d.jpg', 'https://d1jhx8f0okmpxm.cloudfront.net/uploads/pictures/width_500_5e5c0533-bdb4-4635-b2fe-a256e7c3761c.jpg', 'https://d1jhx8f0okmpxm.cloudfront.net/uploads/pictures/width_500_3ddfa22f-18d8-4cc7-aefa-7665aec7d90e.jpg', 'https://d1jhx8f0okmpxm.cloudfront.net/uploads/pictures/width_500_0a918b54-5667-4158-9ed2-83b0b8354dc0.jpg', 'https://d1jhx8f0okmpxm.cloudfront.net/uploads/pictures/width_500_121f00fe-6e38-4628-a90f-4847df1b519a.jpg', 'https://d1jhx8f0okmpxm.cloudfront.net/uploads/pictures/width_500_b220eaea-3823-4438-8329-fa5fcdfb36ca.jpg']"
